{
  "40.665041,-74.000294": "Kamco Building Materials, 80, 21st Street, Sunset Park, Brooklyn, Kings County, New York, 11232, United States",
  "40.762415,-73.943449": "36th Avenue, Queens, Queens County, New York, 11106, United States",
  "40.658688,-74.009717": "632, 2nd Avenue, Sunset Park, Brooklyn, Kings County, New York, 11232, United States",
  "40.701497,-73.971602": "Dock 72, Market Street, Brooklyn Navy Yard, Brooklyn, Kings County, New York, 11251, United States",
  "40.645927,-73.914766": "870, Remsen Avenue, Brooklyn, Kings County, New York, 11236, United States",
  "40.740280,-73.936479": "30-27, Hunters Point Avenue, Sunnyside, Long Island City, Queens, Queens County, New York, 11101, United States",
  "40.698765,-73.991789": "69, Henry Street, Brooklyn Heights, Brooklyn, Kings County, New York, 11201, United States",
  "40.875438,-73.828407": "100, De Kruif Place, Co-Op City, The Bronx, Bronx County, New York, 10475, United States",
  "40.777329,-73.901369": "19-54, 38th Street, Steinway, Queens, Queens County, New York, 11105, United States",
  "40.706411,-74.010345": "Tiffany & Company, 37, Wall Street, Financial District, Lower Manhattan, Manhattan, New York County, New York, 10005, United States",
  "40.714369,-73.977585": "Williamsburg Bridge Footpath, Manhattan Community Board 3, Manhattan, New York County, New York, 11249, United States",
  "40.705528,-74.009065": "3, Hanover Street, Financial District, Lower Manhattan, Manhattan, New York County, New York, 10005, United States",
  "40.737027,-73.979945": "327, East 22nd Street, Gramercy, Manhattan Community Board 6, Manhattan, New York County, New York, 10010, United States",
  "40.730218,-73.994918": "246, Greene Street, Greenwich Village, Manhattan, New York County, New York, 10003, United States",
  "40.740829,-73.977211": "East 28th Street, Kips Bay, Manhattan Community Board 6, Manhattan, New York County, New York, 10016, United States",
  "40.755633,-73.966425": "325, East 52nd Street, Beekman, Manhattan Community Board 6, Manhattan, New York County, New York, 10022, United States",
  "40.775544,-73.981288": "Christ and Saint Stephen's Church, 122, West 69th Street, Lincoln Square, Manhattan Community Board 7, Manhattan, New York County, New York, 10023, United States",
  "40.756569,-73.965737": "333, East 53rd Street, Beekman, Manhattan Community Board 6, Manhattan, New York County, New York, 10022, United States",
  "40.757499,-73.962041": "430, East 57th Street, Sutton, Manhattan Community Board 6, Manhattan, New York County, New York, 10022, United States",
  "40.761077,-73.999960": "One River Place, 1, West 42nd Street, Clinton, Manhattan Community Board 4, Manhattan, New York County, New York, 10036, United States",
  "40.765770,-73.962048": "217, East 66th Street, Lenox Hill, Manhattan Community Board 8, Manhattan, New York County, New York, 10065, United States",
  "40.763553,-73.960653": "Center For Laboratory Medicine, 327, East 64th Street, Lenox Hill, Manhattan Community Board 8, Manhattan, New York County, New York, 10065, United States",
  "40.767306,-73.957907": "310, East 71st Street, Lenox Hill, Manhattan Community Board 8, Manhattan, New York County, New York, 10021, United States",
  "40.768933,-73.959734": "Marymount Manhattan College, East 72nd Street, Lenox Hill, Manhattan Community Board 8, Manhattan, New York County, New York, 10021, United States",
  "40.768962,-73.953679": "414, East 75th Street, Upper East Side, Manhattan Community Board 8, Manhattan, New York County, New York, 10021, United States",
  "40.770743,-73.949638": "510, East 79th Street, Upper East Side, Manhattan Community Board 8, Manhattan, New York County, New York, 10075, United States",
  "40.770571,-73.955527": "348 REAR-B, East 76th Street, Upper East Side, Manhattan Community Board 8, Manhattan, New York County, New York, 10021, United States",
  "40.773798,-73.947138": "520, East 84th Street, Yorkville, Manhattan Community Board 8, Manhattan, New York County, New York, 10028, United States",
  "40.775446,-73.954981": "227, East 81st Street, Upper East Side, Manhattan Community Board 8, Manhattan, New York County, New York, 10028, United States",
  "40.773838,-73.953139": "325, East 80th Street, Upper East Side, Manhattan Community Board 8, Manhattan, New York County, New York, 10075, United States",
  "40.775404,-73.948980": "424, East 85th Street, Yorkville, Manhattan Community Board 8, Manhattan, New York County, New York, 10028, United States",
  "40.822978,-73.936297": "2569, Adam Clayton Powell Jr. Boulevard, Manhattan Community Board 10, Manhattan, New York County, New York, 10039, United States",
  "40.799180,-73.964767": "145, West 105th Street, Manhattan Valley, Manhattan Community Board 7, Manhattan, New York County, New York, 10025, United States",
  "40.709540,-74.017619": "Liberty Terrace, 380, Rector Place, Battery Park City, Lower Manhattan, Manhattan, New York County, New York, 10280, United States",
  "40.710868,-73.995965": "Cherry Street, Two Bridges, Manhattan Community Board 3, Manhattan, New York County, New York, 10002, United States",
  "40.785786,-73.941156": "York Avenue, Manhattan Community Board 11, Manhattan, New York County, New York, 10029, United States",
  "40.717207,-74.002168": "Cafe Lafayette, Lafayette Street, Civic Center, Lower Manhattan, Manhattan, New York County, New York, 10013, United States",
  "40.744128,-73.971912": "435, East 35th Street, Murray Hill, Manhattan Community Board 6, Manhattan, New York County, New York, 10016, United States",
  "40.741948,-73.999068": "231, West 18th Street, Chelsea District, Manhattan Community Board 4, Manhattan, New York County, New York, 10011, United States",
  "40.747225,-74.002647": "435, West 23rd Street, Chelsea District, Manhattan Community Board 4, Manhattan, New York County, New York, 10011, United States",
  "40.781170,-73.957533": "55, East 87th Street, Yorkville, Manhattan Community Board 8, Manhattan, New York County, New York, 10128, United States",
  "40.719006,-73.936422": "376, Withers Street, Brooklyn, Kings County, New York, 11211, United States",
  "40.808272,-73.924967": "East 136th Street, Mitchel Houses, The Bronx, Bronx County, New York, 10454, United States",
  "40.736548,-73.958483": "Eleva, 7, Bell Slip, Greenpoint, Brooklyn, Kings County, New York, 11222, United States"
}